﻿<?xml version="1.0" encoding="utf-8" ?>
<stage author="lyh" defaultState="spelling" speed="10" pause="10">
  <pause width="400" height="250">
    <div class="title" >点击左键让碎图片停下来<br/>拼出一幅图像！</div>
    <br />
    <ul>
      <li>这是一个著名的游戏人物</li>
      <li>他是FC时代的成龙</li>
      <li>有时我们亲切地称他“大叔”</li>
    </ul>
    <div class="tip">为了开始游戏，请用鼠标画出一个方块包含住此方块！</div>
  </pause>
  <delay time="150"/>
  <spellingSquare class="meat" top="0" left="430" width="60" height="150"/>
  <spellingSquare class="meat" top="90" left="370" width="60" height="60"/>
  <spellingSquare class="meat" top="60" left="610" width="30" height="30"/>
  <spellingSquare class="meat" top="60" left="490" width="30" height="30"/>
  <spellingSquare class="meat" top="30" left="400" width="30" height="30"/>
  <delay time="10"/>
  <spellingSquare class="coffee" top="0" left="340" width="90" height="30"/>
  <spellingSquare class="coffee" top="30" left="310" width="30" height="60"/>
  <spellingSquare class="coffee" top="90" left="310" width="60" height="30"/>
  <spellingSquare class="coffee" top="30" left="370" width="30" height="60"/>
  <spellingSquare class="coffee" top="60" left="400" width="30" height="30"/>
  <delay time="10"/>
  <spellingSquare class="black" top="0" left="490" width="30" height="60"/>
  <spellingSquare class="black" top="60" left="520" width="30" height="30"/>
  <spellingSquare class="black" top="90" left="490" width="120" height="30"/>
  <delay time="10"/>
  <spellingSquare class="red" top="0" left="400" width="150" height="30"/>
  <spellingSquare class="red" top="30" left="340" width="270" height="30"/>
  <delay time="10"/>
  <spellingSquare class="meat" top="0" left="520" width="30" height="60"/>
  <spellingSquare class="meat" top="30" left="550" width="60" height="60"/>
  <spellingSquare class="meat" top="120" left="490" width="90" height="30"/>
  <delay time="10"/>
  <spellingSquare class="meat" top="0" left="340" width="30" height="60"/>
  <delay time="10"/>
  <spellingSquare class="meat" top="0" left="580" width="90" height="30"/>
  <spellingSquare class="meat" top="30" left="610" width="60" height="30"/>
  <spellingSquare class="red" top="60" left="580" width="90" height="30"/>
  <spellingSquare class="red" top="90" left="610" width="60" height="30"/>
  <spellingSquare class="red" top="120" left="640" width="30" height="30"/>
  <spellingSquare class="red" top="150" left="610" width="30" height="60"/>
  <spellingSquare class="red" top="180" left="580" width="30" height="60"/>
  <spellingSquare class="red" top="210" left="550" width="30" height="30"/>
  <delay time="10"/>
  <spellingSquare class="red" top="0" left="280" width="120" height="60"/>
  <spellingSquare class="red" top="60" left="310" width="90" height="30"/>
  <spellingSquare class="red" top="90" left="370" width="30" height="30"/>
  <spellingSquare class="red" top="30" left="400" width="30" height="60"/>
  <spellingSquare class="red" top="0" left="430" width="90" height="30"/>
  <spellingSquare class="red" top="30" left="460" width="90" height="30"/>
  <delay time="10"/>
  <spellingSquare class="blue" top="90" left="340" width="30" height="30"/>
  <spellingSquare class="blue" top="150" left="340" width="180" height="30"/>
  <spellingSquare class="blue" top="120" left="370" width="270" height="30"/>
  <spellingSquare class="blue" top="0" left="400" width="30" height="30"/>
  <spellingSquare class="blue" top="90" left="400" width="60" height="30"/>
  <spellingSquare class="blue" top="30" left="430" width="30" height="30"/>
  <spellingSquare class="blue" top="60" left="430" width="120" height="30"/>
  <spellingSquare class="blue" top="90" left="490" width="150" height="30"/>
  <spellingSquare class="blue" top="0" left="520" width="30" height="30"/>
  <spellingSquare class="blue" top="30" left="550" width="30" height="30"/>
  <spellingSquare class="blue" top="60" left="580" width="60" height="30"/>
  <delay time="10"/>
  <spellingSquare class="yellow" top="0" left="550" width="30" height="30"/>
  <spellingSquare class="yellow" top="30" left="460" width="30" height="30"/>
  <delay time="10"/>
  <spellingSquare class="meat" top="0" left="220" width="30" height="60"/>
  <spellingSquare class="meat" top="0" left="250" width="30" height="90"/>
  <spellingSquare class="meat" top="30" left="280" width="30" height="30"/>
  <spellingSquare class="coffee" top="120" left="250" width="30" height="60"/>
  <spellingSquare class="coffee" top="90" left="280" width="30" height="90"/>
  <spellingSquare class="coffee" top="90" left="310" width="30" height="60"/>
  <spellingSquare class="coffee" top="90" left="340" width="30" height="30"/>
  <delay time="10"/>
  <spellingSquare class="coffee" top="30" left="640" width="30" height="120"/>
  <spellingSquare class="coffee" top="0" left="670" width="30" height="150"/>
  <delay time="200"/>
  <stageChoice top="20%" left="10%" width="200" height="100" stage="fallingMario">重玩此关</stageChoice>
  <delay time="200"/>
</stage>
