﻿<?xml version="1.0" encoding="utf-8" ?>
<stage author="lyh" defaultState="falling" life="2">
  <delay time="100"></delay>
  <fallingSquare class="yellow" speed="1.5" value="1" top="0" left="60%" width="17%" height="5%"/>
  <delay time="70"></delay>
  <fallingSquare class="blue" speed="4" value="2" top="0" left="50%" width="4%" height="5%"/>
  <delay time="70"></delay>
  <fallingSquare class="yellow" speed="3" value="1" top="0" left="32%" width="7%" height="8%"></fallingSquare>
  <delay time="30"></delay>
  <fallingSquare class="yellow" speed="1" value="1" top="0" left="17%" width="7%" height="8%"></fallingSquare>
  <fallingSquare class="yellow" speed="1" value="1" top="0" left="57%" width="7%" height="8%"></fallingSquare>
  <fallingSquare class="yellow" speed="1" value="1" top="0" left="67%" width="7%" height="8%"></fallingSquare>
  <delay time="70"></delay>
  <fallingSquare class="purple" speed="0.5" value="3" top="0" left="10%" width="4%" height="5%"></fallingSquare>
  
</stage>
