<chart palette='2' caption='Business Results: 2005' yaxisname='Revenue (Millions)' hovercapbg='FFFFFF' toolTipBorder='889E6D' 
divLineColor='999999' divLineAlpha='80' showShadow='0' canvasBgColor='FEFEFE' canvasBaseColor='FEFEFE' canvasBaseAlpha='50' divLineIsDashed='1' divLineDashLen='1' divLineDashGap='2' numberPrefix='$' numberSuffix='M' chartRightMargin='30' useRoundEdges='1' legendBorderAlpha='0'>
	<categories>
		<category label='Hardware'/>
		<category label='Software' />
		<category label='Service' />

	</categories>
	<dataset seriesname='Domestic' color='8EAC41'>
		<set value='84' />
		<set value='207' />
		<set value='116' />
	</dataset>

	<dataset seriesname='International' color='607142' >
		<set value='116' />
		<set value='237' />
		<set value='83' />
	</dataset>
</chart>